<?xml version="1.0" encoding="utf-8"?>
<!--Created using XmlSitemapGenerator.org - Free HTML, RSS and XML sitemap generator-->
<rss version="2.0">
  <channel>
    <title>Servicio de dibujo de planos</title>
    <link>https://tuhatch.arquidis.com.co</link>
    <description />
    <item>
      <guid>https://tuhatch.arquidis.com.co</guid>
      <title>Servicio de dibujo de planos</title>
      <link>https://tuhatch.arquidis.com.co</link>
      <description>Servicio de diujo arquitectónico en revit, Modelado 3d de proyectos arquitectónicos. Dibujo de redes sanitariasy eléctricas. diseño de familias personalizadas para el diseño interior o exterior, como puertas, ventanas o iluminación.</description>
    </item>
    <item>
      <guid>https://tuhatch.arquidis.com.co/funciona.html</guid>
      <title>
					Cuéntanos en qué proyecto podemos ayudarte
				</title>
      <link>https://tuhatch.arquidis.com.co/funciona.html</link>
      <description>Servicio de diujo arquitectónico, especialistas en Revit, solo pagas después de haber recibido el trabajo a tu entera satisfacción. Podemos ayudarte con familias personalizadas para el diseño interior o exterior, como puertas, ventanas o iluminación.</description>
    </item>
    <item>
      <guid>https://tuhatch.arquidis.com.co/somos.html</guid>
      <title>Nuestra oficina, Villavicencio, Colombia.</title>
      <link>https://tuhatch.arquidis.com.co/somos.html</link>
      <description>Servicio de diujo arquitectónico, especialistas en Revit, solo pagas después de haber recibido el trabajo a tu entera satisfacción. Podemos ayudarte con familias personalizadas para el diseño interior o exterior, como puertas, ventanas o iluminación.</description>
    </item>
    <item>
      <guid>https://tuhatch.arquidis.com.co/mep.html</guid>
      <title>
								Modelado y planos de nube de puntos
							</title>
      <link>https://tuhatch.arquidis.com.co/mep.html</link>
      <description>Servicio de diujo arquitectónico, especialistas en Revit, solo pagas después de haber recibido el trabajo a tu entera satisfacción. Podemos ayudarte con familias personalizadas para el diseño interior o exterior, como puertas, ventanas o iluminación.</description>
    </item>
    <item>
      <guid>https://tuhatch.arquidis.com.co/familias.html</guid>
      <title>
								500 Familias de revit gratis
							</title>
      <link>https://tuhatch.arquidis.com.co/familias.html</link>
      <description>Servicio de diujo arquitectónico, especialistas en Revit, solo pagas después de haber recibido el trabajo a tu entera satisfacción. Podemos ayudarte con familias personalizadas para el diseño interior o exterior, como puertas, ventanas o iluminación.</description>
    </item>
    <item>
      <guid>https://tuhatch.arquidis.com.co/revit.html</guid>
      <title>
								¡Dibujamos en Revit por ti!
							</title>
      <link>https://tuhatch.arquidis.com.co/revit.html</link>
      <description>Servicio de diujo arquitectónico, especialistas en Revit, solo pagas después de haber recibido el trabajo a tu entera satisfacción. Podemos ayudarte con familias personalizadas para el diseño interior o exterior, como puertas, ventanas o iluminación.</description>
    </item>
    <item>
      <guid>https://tuhatch.arquidis.com.co/puntos.html</guid>
      <title>
								Dibujo de planos para topógrafos
							</title>
      <link>https://tuhatch.arquidis.com.co/puntos.html</link>
      <description>Servicio de diujo arquitectónico, especialistas en Revit, solo pagas después de haber recibido el trabajo a tu entera satisfacción. Podemos ayudarte con familias personalizadas para el diseño interior o exterior, como puertas, ventanas o iluminación.</description>
    </item>
    <item>
      <guid>https://tuhatch.arquidis.com.co/render.html</guid>
      <title>
								Servicio de renderizado profesional
							</title>
      <link>https://tuhatch.arquidis.com.co/render.html</link>
      <description>Servicio de diujo arquitectónico, especialistas en Revit, solo pagas después de haber recibido el trabajo a tu entera satisfacción. Podemos ayudarte con familias personalizadas para el diseño interior o exterior, como puertas, ventanas o iluminación.</description>
    </item>
    <item>
      <guid>https://tuhatch.arquidis.com.co/index.html</guid>
      <title>Servicio de dibujo de planos</title>
      <link>https://tuhatch.arquidis.com.co/index.html</link>
      <description>Servicio de diujo arquitectónico en revit, Modelado 3d de proyectos arquitectónicos. Dibujo de redes sanitariasy eléctricas. diseño de familias personalizadas para el diseño interior o exterior, como puertas, ventanas o iluminación.</description>
    </item>
    <item>
      <guid>https://tuhatch.arquidis.com.co/descargas/2d/1.zip</guid>
      <title>1.zip</title>
      <link>https://tuhatch.arquidis.com.co/descargas/2d/1.zip</link>
      <description />
      <pubDate>Sat, 22 Aug 2020 02:34:00 Z</pubDate>
    </item>
  </channel>
</rss>
<!--<guid value="0c4c14bb-049c-4e0c-8ba3-95650ab45c1d" />-->
<!--Created using XmlSitemapGenerator.org - Free HTML, RSS and XML sitemap generator-->